sample_id,scientific_name,genus,species
SAMD00035522,Halorubrum sp005435165,Halorubrum,sp005435165
SAMD00093446,Haladaptatus paucihalophilus,Haladaptatus,paucihalophilus
SAMD00109394,Methanothermobacter sp000828575,Methanothermobacter,sp000828575
SAMD00171894,Methanobrevibacter_C arboriphilus_A,Methanobrevibacter_C,arboriphilus_A
SAMD00171895,Methanosarcina mazei,Methanosarcina,mazei
SAMD00171896,Methanoculleus chikugoensis,Methanoculleus,chikugoensis
SAMD00184547,Methanothermobacter sp000828575,Methanothermobacter,sp000828575
SAMD00184548,Methanothermobacter sp000828575,Methanothermobacter,sp000828575
SAMD00184553,Methanothermobacter sp000828575,Methanothermobacter,sp000828575
SAMD00297278,Stygiolobus caldivivus,Stygiolobus,caldivivus
SAMD00389909,Methanobrevibacter_A smithii,Methanobrevibacter_A,smithii
SAMD00389910,Methanobrevibacter_A smithii,Methanobrevibacter_A,smithii
SAMD00413002,Saccharolobus caldissimus,Saccharolobus,caldissimus
SAMD00413987,Acidianus sp021655615,Acidianus,sp021655615
SAMD00656837,Methanococcus maripaludis,Methanococcus,maripaludis
SAMEA104149373,Thermococcus henrietii,Thermococcus,henrietii
SAMEA104149385,Thermococcus camini,Thermococcus,camini
SAMEA114771135,Haloferax gibbonsii,Haloferax,gibbonsii
SAMEA114771136,Haloferax gibbonsii,Haloferax,gibbonsii
SAMEA114771137,Haloferax gibbonsii,Haloferax,gibbonsii
SAMEA114771138,Haloferax gibbonsii,Haloferax,gibbonsii
SAMEA114771143,Haloferax gibbonsii,Haloferax,gibbonsii
SAMEA114771144,Haloferax gibbonsii,Haloferax,gibbonsii
SAMEA115527331,Sulfolobus acidocaldarius,Sulfolobus,acidocaldarius
SAMEA115527332,Sulfolobus acidocaldarius,Sulfolobus,acidocaldarius
SAMEA115527333,Sulfolobus acidocaldarius,Sulfolobus,acidocaldarius
SAMEA115527334,Sulfolobus acidocaldarius,Sulfolobus,acidocaldarius
SAMEA115527335,Sulfolobus acidocaldarius,Sulfolobus,acidocaldarius
SAMEA115527336,Sulfolobus acidocaldarius,Sulfolobus,acidocaldarius
SAMEA115527337,Sulfolobus acidocaldarius,Sulfolobus,acidocaldarius
SAMEA115527338,Sulfolobus acidocaldarius,Sulfolobus,acidocaldarius
SAMEA115527339,Sulfolobus acidocaldarius,Sulfolobus,acidocaldarius
SAMEA115527340,Sulfolobus acidocaldarius,Sulfolobus,acidocaldarius
SAMEA115527341,Sulfolobus acidocaldarius,Sulfolobus,acidocaldarius
SAMEA115527342,Sulfolobus acidocaldarius,Sulfolobus,acidocaldarius
SAMEA115527343,Sulfolobus acidocaldarius,Sulfolobus,acidocaldarius
SAMEA115527344,Sulfolobus acidocaldarius,Sulfolobus,acidocaldarius
SAMEA115527345,Sulfolobus acidocaldarius,Sulfolobus,acidocaldarius
SAMEA115527346,Sulfolobus acidocaldarius,Sulfolobus,acidocaldarius
SAMEA115527347,Sulfolobus acidocaldarius,Sulfolobus,acidocaldarius
SAMEA115527348,Sulfolobus acidocaldarius,Sulfolobus,acidocaldarius
SAMEA115527349,Sulfolobus acidocaldarius,Sulfolobus,acidocaldarius
SAMEA115527350,Sulfolobus acidocaldarius,Sulfolobus,acidocaldarius
SAMEA115527351,Sulfolobus acidocaldarius,Sulfolobus,acidocaldarius
SAMEA115527352,Sulfolobus acidocaldarius,Sulfolobus,acidocaldarius
SAMEA115527353,Sulfolobus acidocaldarius,Sulfolobus,acidocaldarius
SAMEA115527354,Sulfolobus acidocaldarius,Sulfolobus,acidocaldarius
SAMEA115527355,Sulfolobus acidocaldarius,Sulfolobus,acidocaldarius
SAMEA115527356,Sulfolobus acidocaldarius,Sulfolobus,acidocaldarius
SAMEA115527357,Sulfolobus acidocaldarius,Sulfolobus,acidocaldarius
SAMEA115527358,Sulfolobus acidocaldarius,Sulfolobus,acidocaldarius
SAMEA115527359,Sulfolobus acidocaldarius,Sulfolobus,acidocaldarius
SAMEA115527360,Sulfolobus acidocaldarius,Sulfolobus,acidocaldarius
SAMEA115527361,Sulfolobus acidocaldarius,Sulfolobus,acidocaldarius
SAMEA115527362,Sulfolobus acidocaldarius,Sulfolobus,acidocaldarius
SAMEA115527363,Sulfolobus acidocaldarius,Sulfolobus,acidocaldarius
SAMEA115527364,Sulfolobus acidocaldarius,Sulfolobus,acidocaldarius
SAMEA115527365,Sulfolobus acidocaldarius,Sulfolobus,acidocaldarius
SAMEA115527366,Sulfolobus acidocaldarius,Sulfolobus,acidocaldarius
SAMEA115527367,Sulfolobus acidocaldarius,Sulfolobus,acidocaldarius
SAMEA115527368,Sulfolobus acidocaldarius,Sulfolobus,acidocaldarius
SAMEA115527369,Sulfolobus acidocaldarius,Sulfolobus,acidocaldarius
SAMEA115527370,Sulfolobus acidocaldarius,Sulfolobus,acidocaldarius
SAMEA115527371,Sulfolobus acidocaldarius,Sulfolobus,acidocaldarius
SAMEA115527372,Sulfolobus acidocaldarius,Sulfolobus,acidocaldarius
SAMEA1713487,Saccharolobus islandicus,Saccharolobus,islandicus
SAMEA1713488,Saccharolobus islandicus,Saccharolobus,islandicus
SAMEA1713489,Saccharolobus islandicus,Saccharolobus,islandicus
SAMEA5547881,Methanococcoides vulcani,Methanococcoides,vulcani
SAMEA5841876,Haloarcula hispanica,Haloarcula,hispanica
SAMEA5858272,Haloferax massiliensis,Haloferax,massiliensis
SAMEA8261603,Thermococcus_B barophilus,Thermococcus_B,barophilus
SAMEA8261604,Thermococcus_B barophilus,Thermococcus_B,barophilus
SAMEA8261605,Thermococcus_B barophilus,Thermococcus_B,barophilus
SAMEA8261606,Thermococcus_B barophilus,Thermococcus_B,barophilus
SAMEA8261607,Thermococcus_B barophilus,Thermococcus_B,barophilus
SAMEA8261608,Thermococcus_B barophilus,Thermococcus_B,barophilus
SAMEA8261609,Thermococcus_B barophilus,Thermococcus_B,barophilus
SAMEA8261610,Thermococcus_B barophilus,Thermococcus_B,barophilus
SAMEA8261611,Thermococcus_B barophilus,Thermococcus_B,barophilus
SAMEA8261612,Thermococcus_B barophilus,Thermococcus_B,barophilus
SAMEA8261613,Thermococcus_B barophilus,Thermococcus_B,barophilus
SAMEA8261614,Thermococcus_B barophilus,Thermococcus_B,barophilus
SAMEA8261615,Thermococcus_B barophilus,Thermococcus_B,barophilus
SAMEA8261616,Thermococcus_B barophilus,Thermococcus_B,barophilus
SAMEA8261617,Thermococcus_B barophilus,Thermococcus_B,barophilus
SAMEA8261618,Thermococcus_B barophilus,Thermococcus_B,barophilus
SAMEA8261620,Thermococcus_B barophilus,Thermococcus_B,barophilus
SAMEA8261621,Thermococcus_B barophilus,Thermococcus_B,barophilus
SAMEA8261622,Thermococcus_B barophilus,Thermococcus_B,barophilus
SAMEA8261623,Thermococcus_B barophilus,Thermococcus_B,barophilus
SAMEA8261625,Thermococcus_B barophilus,Thermococcus_B,barophilus
SAMEA8261626,Thermococcus_B barophilus,Thermococcus_B,barophilus
SAMEA8261627,Thermococcus_B barophilus,Thermococcus_B,barophilus
SAMEA8261628,Thermococcus_B barophilus,Thermococcus_B,barophilus
SAMEA8261629,Thermococcus_B barophilus,Thermococcus_B,barophilus
SAMEA8261631,Thermococcus_B barophilus,Thermococcus_B,barophilus
SAMEA8261633,Thermococcus_B barophilus,Thermococcus_B,barophilus
SAMEA8261634,Thermococcus_B barophilus,Thermococcus_B,barophilus
SAMEA8261635,Thermococcus_B barophilus,Thermococcus_B,barophilus
SAMEA8261636,Thermococcus_B barophilus,Thermococcus_B,barophilus
SAMEA8261637,Thermococcus_B barophilus,Thermococcus_B,barophilus
SAMEA8389197,Thermococcus_B barophilus,Thermococcus_B,barophilus
SAMEA8389198,Thermococcus_B barophilus,Thermococcus_B,barophilus
SAMEA8389199,Thermococcus_B barophilus,Thermococcus_B,barophilus
SAMEA8389200,Thermococcus_B barophilus,Thermococcus_B,barophilus
SAMN00016537,Haloterrigena turkmenica,Haloterrigena,turkmenica
SAMN00017612,Ignisphaera aggregans,Ignisphaera,aggregans
SAMN00109826,Archaeoglobus_C veneficus,Archaeoglobus_C,veneficus
SAMN00109828,Pyrolobus fumarii,Pyrolobus,fumarii
SAMN00117507,Methanobacterium_B lacus,Methanobacterium_B,lacus
SAMN00117515,Methanobacterium_C paludis,Methanobacterium_C,paludis
SAMN00117519,Halopiger xanaduensis,Halopiger,xanaduensis
SAMN00713598,Archaeoglobus_C veneficus,Archaeoglobus_C,veneficus
SAMN00713630,Methanobacterium_C paludis,Methanobacterium_C,paludis
SAMN00738634,Methanoplanus limicola,Methanoplanus,limicola
SAMN00849772,Haloplanus natans,Haloplanus,natans
SAMN02194542,Methanothermococcus thermolithotrophicus,Methanothermococcus,thermolithotrophicus
SAMN02194567,UBA583 sp013215525,UBA583,sp013215525
SAMN02194826,Nitrosopelagicus sp000402075,Nitrosopelagicus,sp000402075
SAMN02194828,UBA213 sp002713325,UBA213,sp002713325
SAMN02194830,Nitrosopumilus sp905612295,Nitrosopumilus,sp905612295
SAMN02194965,Nitrosopelagicus sp000484935,Nitrosopelagicus,sp000484935
SAMN02194967,Nitrosopelagicus sp000484935,Nitrosopelagicus,sp000484935
SAMN02194972,Nitrosopelagicus sp000484935,Nitrosopelagicus,sp000484935
SAMN02194975,Nitrosopelagicus sp013390745,Nitrosopelagicus,sp013390745
SAMN02194976,Nitrosopumilus sp013390905,Nitrosopumilus,sp013390905
SAMN02198853,Nitrosopumilus sp905612295,Nitrosopumilus,sp905612295
SAMN02198856,Nitrosopumilus sp905612295,Nitrosopumilus,sp905612295
SAMN02198857,Nitrosopelagicus sp000484935,Nitrosopelagicus,sp000484935
SAMN02199281,Halorubrum ezzemoulense,Halorubrum,ezzemoulense
SAMN02199313,Methanocorpusculum parvum,Methanocorpusculum,parvum
SAMN02232028,Halopiger xanaduensis,Halopiger,xanaduensis
SAMN02232037,Methanobacterium_B lacus,Methanobacterium_B,lacus
SAMN02232038,Methanoregula formicica,Methanoregula,formicica
SAMN02232047,Pyrolobus fumarii,Pyrolobus,fumarii
SAMN02261271,Nitromaritima sp000372225,Nitromaritima,sp000372225
SAMN02261426,Caldisphaera lagunensis,Caldisphaera,lagunensis
SAMN02440520,Nitrosopelagicus sp000402075,Nitrosopelagicus,sp000402075
SAMN02440539,ASMP01 sp000405225,ASMP01,sp000405225
SAMN02440540,Aenigmatarchaeum subterraneum,Aenigmatarchaeum,subterraneum
SAMN02441569,Halorubrum ezzemoulense,Halorubrum,ezzemoulense
SAMN02441613,MS024-2A sp018646605,MS024-2A,sp018646605
SAMN02598509,Thermosphaera aggregans,Thermosphaera,aggregans
SAMN02708932,Methanosarcina mazei,Methanosarcina,mazei
SAMN02708933,Methanosarcina mazei,Methanosarcina,mazei
SAMN02708934,Methanosarcina mazei,Methanosarcina,mazei
SAMN02708935,Methanosarcina mazei,Methanosarcina,mazei
SAMN02708938,Methanosarcina mazei,Methanosarcina,mazei
SAMN02708939,Methanosarcina mazei,Methanosarcina,mazei
SAMN02708940,Methanosarcina mazei,Methanosarcina,mazei
SAMN02708941,Methanosarcina mazei,Methanosarcina,mazei
SAMN02708942,Methanosarcina mazei,Methanosarcina,mazei
SAMN02708943,Methanosarcina mazei,Methanosarcina,mazei
SAMN02708944,Methanosarcina mazei,Methanosarcina,mazei
SAMN02708945,Methanosarcina mazei,Methanosarcina,mazei
SAMN02708946,Methanosarcina mazei,Methanosarcina,mazei
SAMN02708947,Methanosarcina mazei,Methanosarcina,mazei
SAMN02708948,Methanosarcina mazei,Methanosarcina,mazei
SAMN02708949,Methanosarcina mazei,Methanosarcina,mazei
SAMN02708950,Methanosarcina mazei,Methanosarcina,mazei
SAMN02708951,Methanosarcina mazei,Methanosarcina,mazei
SAMN02708952,Methanosarcina mazei,Methanosarcina,mazei
SAMN02708953,Methanosarcina mazei,Methanosarcina,mazei
SAMN02708954,Methanosarcina mazei,Methanosarcina,mazei
SAMN02708955,Methanosarcina mazei,Methanosarcina,mazei
SAMN02708956,Methanosarcina mazei,Methanosarcina,mazei
SAMN02708957,Methanosarcina mazei,Methanosarcina,mazei
SAMN02708958,Methanosarcina mazei,Methanosarcina,mazei
SAMN02708959,Methanosarcina mazei,Methanosarcina,mazei
SAMN02708960,Methanosarcina mazei,Methanosarcina,mazei
SAMN02708961,Methanosarcina mazei,Methanosarcina,mazei
SAMN02708962,Methanosarcina mazei,Methanosarcina,mazei
SAMN02708963,Methanosarcina mazei,Methanosarcina,mazei
SAMN02708964,Methanosarcina mazei,Methanosarcina,mazei
SAMN02708965,Methanosarcina mazei,Methanosarcina,mazei
SAMN02708966,Methanosarcina mazei,Methanosarcina,mazei
SAMN02708967,Methanosarcina mazei,Methanosarcina,mazei
SAMN02708968,Methanosarcina mazei,Methanosarcina,mazei
SAMN02708969,Methanosarcina mazei,Methanosarcina,mazei
SAMN02708970,Methanosarcina mazei,Methanosarcina,mazei
SAMN02708971,Methanosarcina mazei,Methanosarcina,mazei
SAMN02708972,Methanosarcina mazei,Methanosarcina,mazei
SAMN02708973,Methanosarcina mazei,Methanosarcina,mazei
SAMN02708974,Methanosarcina mazei,Methanosarcina,mazei
SAMN02708975,Methanosarcina mazei,Methanosarcina,mazei
SAMN02708976,Methanosarcina mazei,Methanosarcina,mazei
SAMN02708977,Methanosarcina mazei,Methanosarcina,mazei
SAMN02708978,Methanosarcina mazei,Methanosarcina,mazei
SAMN02708979,Methanosarcina mazei,Methanosarcina,mazei
SAMN02708980,Methanosarcina mazei,Methanosarcina,mazei
SAMN02708981,Methanosarcina mazei,Methanosarcina,mazei
SAMN02708983,Methanosarcina mazei,Methanosarcina,mazei
SAMN02708984,Methanosarcina mazei,Methanosarcina,mazei
SAMN02708985,Methanosarcina mazei,Methanosarcina,mazei
SAMN02708986,Methanosarcina mazei,Methanosarcina,mazei
SAMN02708987,Methanosarcina mazei,Methanosarcina,mazei
SAMN02708988,Methanosarcina sp000979455,Methanosarcina,sp000979455
SAMN02708989,Methanosarcina sp000979455,Methanosarcina,sp000979455
SAMN02708990,Methanosarcina sp000979455,Methanosarcina,sp000979455
SAMN02708991,Methanosarcina sp000979455,Methanosarcina,sp000979455
SAMN02708992,Methanosarcina sp000979455,Methanosarcina,sp000979455
SAMN02708993,Methanosarcina sp000979455,Methanosarcina,sp000979455
SAMN02708994,Methanosarcina sp000979455,Methanosarcina,sp000979455
SAMN02744072,Palaeococcus ferrophilus,Palaeococcus,ferrophilus
SAMN02744080,Halosimplex carlsbadense,Halosimplex,carlsbadense
SAMN02746094,Methermicoccus shengliensis,Methermicoccus,shengliensis
SAMN02821396,Saccharolobus solfataricus,Saccharolobus,solfataricus
SAMN02821529,Saccharolobus solfataricus,Saccharolobus,solfataricus
SAMN02821639,Saccharolobus solfataricus,Saccharolobus,solfataricus
SAMN02822020,Saccharolobus solfataricus,Saccharolobus,solfataricus
SAMN02822270,Saccharolobus solfataricus,Saccharolobus,solfataricus
SAMN02822354,Saccharolobus solfataricus,Saccharolobus,solfataricus
SAMN02910297,Methanobrevibacter olleyae,Methanobrevibacter,olleyae
SAMN02910304,Methanobacterium_D veterum,Methanobacterium_D,veterum
SAMN02910397,Methanobacterium_D veterum,Methanobacterium_D,veterum
SAMN03003069,Metallosphaera sedula,Metallosphaera,sedula
SAMN03003070,Metallosphaera sedula,Metallosphaera,sedula
SAMN03003077,Metallosphaera sedula,Metallosphaera,sedula
SAMN03003078,Metallosphaera sedula,Metallosphaera,sedula
SAMN03003104,Metallosphaera sedula,Metallosphaera,sedula
SAMN03003155,Metallosphaera sedula,Metallosphaera,sedula
SAMN03003156,Metallosphaera sedula,Metallosphaera,sedula
SAMN03003157,Metallosphaera sedula,Metallosphaera,sedula
SAMN03003158,Metallosphaera sedula,Metallosphaera,sedula
SAMN03003246,Metallosphaera sedula,Metallosphaera,sedula
SAMN03003293,Metallosphaera sedula,Metallosphaera,sedula
SAMN03003294,Metallosphaera sedula,Metallosphaera,sedula
SAMN03003363,Metallosphaera sedula,Metallosphaera,sedula
SAMN03003365,Metallosphaera sedula,Metallosphaera,sedula
SAMN03003415,Metallosphaera sedula,Metallosphaera,sedula
SAMN03003416,Metallosphaera sedula,Metallosphaera,sedula
SAMN03003417,Metallosphaera sedula,Metallosphaera,sedula
SAMN03003478,Metallosphaera sedula,Metallosphaera,sedula
SAMN03003491,Saccharolobus solfataricus,Saccharolobus,solfataricus
SAMN03196696,Methanolobus chelungpuianus,Methanolobus,chelungpuianus
SAMN03254652,Methanocalculus chunghsingensis,Methanocalculus,chunghsingensis
SAMN03288802,Methanoculleus sediminis,Methanoculleus,sediminis
SAMN03856099,Methanoculleus_A taiwanensis,Methanoculleus_A,taiwanensis
SAMN04087216,Acidiplasma aeolicum,Acidiplasma,aeolicum
SAMN04087217,Acidiplasma aeolicum,Acidiplasma,aeolicum
SAMN04229035,Methanobacterium_D bryantii,Methanobacterium_D,bryantii
SAMN04229036,Methanosarcina spelaei,Methanosarcina,spelaei
SAMN04244549,Halobacterium salinarum,Halobacterium,salinarum
SAMN04244563,Halobacterium salinarum,Halobacterium,salinarum
SAMN04244564,Halobacterium salinarum,Halobacterium,salinarum
SAMN04244568,Halobacterium salinarum,Halobacterium,salinarum
SAMN04487937,Halorubrum sodomense,Halorubrum,sodomense
SAMN04487945,Halobacterium jilantaiense,Halobacterium,jilantaiense
SAMN04487946,Halobellus clavatus,Halobellus,clavatus
SAMN04487947,Halogeometricum rufum,Halogeometricum,rufum
SAMN04487948,Halogranum amylolyticum,Halogranum,amylolyticum
SAMN04487949,Halogranum gelatinilyticum,Halogranum,gelatinilyticum
SAMN04487950,Halogranum rubrum,Halogranum,rubrum
SAMN04487967,Natronorubrum sediminis,Natronorubrum,sediminis
SAMN04488063,Halopelagius inordinatus,Halopelagius,inordinatus
SAMN04488064,Haloplanus aerogenes,Haloplanus,aerogenes
SAMN04488065,Haloplanus vescus,Haloplanus,vescus
SAMN04488066,Halorubrum aquaticum,Halorubrum,aquaticum
SAMN04488067,Halorubrum xinjiangense,Halorubrum,xinjiangense
SAMN04488124,Halogeometricum limi,Halogeometricum,limi
SAMN04488133,Halobellus limi,Halobellus,limi
SAMN04488555,Halopiger aswanensis,Halopiger,aswanensis
SAMN04488556,Halostagnicola kamekurae,Halostagnicola,kamekurae
SAMN04488571,Methanoculleus thermophilus,Methanoculleus,thermophilus
SAMN04488587,Methanococcoides vulcani,Methanococcoides,vulcani
SAMN04488691,Haloferax larsenii,Haloferax,larsenii
SAMN04488694,Natrinema hispanicum_A,Natrinema,hispanicum_A
SAMN04488696,Methanolobus profundi,Methanolobus,profundi
SAMN04489841,Natrinema salaciae,Natrinema,salaciae
SAMN04489842,Natronobacterium texcoconense,Natronobacterium,texcoconense
SAMN04515625,Methanohalophilus halophilus,Methanohalophilus,halophilus
SAMN04515672,Natronorubrum texcoconense,Natronorubrum,texcoconense
SAMN04979179,WOR-SM1-SCG sp001723845,WOR-SM1-SCG,sp001723845
SAMN05192552,Natrinema hispanicum_A,Natrinema,hispanicum_A
SAMN05192554,Haloarchaeobius iranensis,Haloarchaeobius,iranensis
SAMN05192561,Halopenitus malekzadehii,Halopenitus,malekzadehii
SAMN05216170,Thermococcus thioreducens,Thermococcus,thioreducens
SAMN05216277,Halolamina pelagica,Halolamina,pelagica
SAMN05216278,Halopelagius longus,Halopelagius,longus
SAMN05216285,Natrinema salifodinae,Natrinema,salifodinae
SAMN05216388,Halorientalis persica,Halorientalis,persica
SAMN05216439,Methanobrevibacter_A gottschalkii,Methanobrevibacter_A,gottschalkii
SAMN05216559,Halomicrobium zhouii,Halomicrobium,zhouii
SAMN05216564,Halopenitus persicus,Halopenitus,persicus
SAMN05413111,Methanolobus psychrotolerans,Methanolobus,psychrotolerans
SAMN05421752,Natronorubrum thiooxidans,Natronorubrum,thiooxidans
SAMN05421809,Natronorubrum daqingense,Natronorubrum,daqingense
SAMN05421858,Haladaptatus litoreus,Haladaptatus,litoreus
SAMN05443574,Haloarcula vallismortis,Haloarcula,vallismortis
SAMN05443636,Halobaculum gomorrense,Halobaculum,gomorrense
SAMN05443661,Natronobacterium gregoryi,Natronobacterium,gregoryi
SAMN05444271,Halohasta litchfieldiae,Halohasta,litchfieldiae
SAMN05444342,Haladaptatus paucihalophilus,Haladaptatus,paucihalophilus
SAMN05444422,Halobiforma haloterrestris,Halobiforma,haloterrestris
SAMN05449699,Methanosarcina acetivorans,Methanosarcina,acetivorans
SAMN05449700,Methanosarcina acetivorans,Methanosarcina,acetivorans
SAMN05449701,Methanosarcina acetivorans,Methanosarcina,acetivorans
SAMN05449702,Methanosarcina acetivorans,Methanosarcina,acetivorans
SAMN05449703,Methanosarcina acetivorans,Methanosarcina,acetivorans
SAMN05449704,Methanosarcina acetivorans,Methanosarcina,acetivorans
SAMN05449705,Methanosarcina acetivorans,Methanosarcina,acetivorans
SAMN05449706,Methanosarcina acetivorans,Methanosarcina,acetivorans
SAMN05582949,Saccharolobus sp001719125,Saccharolobus,sp001719125
SAMN05935551,Methanobrevibacter_A smithii,Methanobrevibacter_A,smithii
SAMN06005902,Methanosarcina acetivorans,Methanosarcina,acetivorans
SAMN06005938,Methanosarcina acetivorans,Methanosarcina,acetivorans
SAMN06005997,Methanosarcina acetivorans,Methanosarcina,acetivorans
SAMN06006019,Methanosarcina acetivorans,Methanosarcina,acetivorans
SAMN06006031,Methanosarcina acetivorans,Methanosarcina,acetivorans
SAMN06027047,Methanobrevibacter_A sp002496065,Methanobrevibacter_A,sp002496065
SAMN06027330,Methanocalculus sp002496395,Methanocalculus,sp002496395
SAMN06027331,Methanobacterium subterraneum,Methanobacterium,subterraneum
SAMN06027332,Methanosarcina mazei,Methanosarcina,mazei
SAMN06264941,Methanohalophilus portucalensis,Methanohalophilus,portucalensis
SAMN06295989,Methanohalophilus euhalobius,Methanohalophilus,euhalobius
SAMN06296050,Methanohalophilus euhalobius,Methanohalophilus,euhalobius
SAMN06473273,Halorubrum depositum,Halorubrum,depositum
SAMN06473282,Halorubrum sp003721435,Halorubrum,sp003721435
SAMN06711904,Pyrococcus furiosus,Pyrococcus,furiosus
SAMN06933078,Nitrososphaera gargensis,Nitrososphaera,gargensis
SAMN06933079,Nitrososphaera gargensis,Nitrososphaera,gargensis
SAMN06933080,Nitrososphaera gargensis,Nitrososphaera,gargensis
SAMN06933081,Nitrososphaera gargensis,Nitrososphaera,gargensis
SAMN07462262,Methanohalophilus euhalobius,Methanohalophilus,euhalobius
SAMN07492084,Methanobrevibacter_A smithii_A,Methanobrevibacter_A,smithii_A
SAMN08213458,Natronobacterium gregoryi,Natronobacterium,gregoryi
SAMN08769569,Methanimicrococcus blatticola,Methanimicrococcus,blatticola
SAMN08769621,Methanothermobacter thermautotrophicus,Methanothermobacter,thermautotrophicus
SAMN08804086,Methanohalophilus profundi,Methanohalophilus,profundi
SAMN09474817,Methanofervidicoccus sp019561555,Methanofervidicoccus,sp019561555
SAMN09474819,Methanofervidicoccus sp019561565,Methanofervidicoccus,sp019561565
SAMN09474820,Methanofervidicoccus sp003351865,Methanofervidicoccus,sp003351865
SAMN09474821,Methanofervidicoccus sp019561615,Methanofervidicoccus,sp019561615
SAMN09489299,Halorubrum sp003287355,Halorubrum,sp003287355
SAMN09629081,Saccharolobus sp001719125,Saccharolobus,sp001719125
SAMN09629082,Saccharolobus sp001719125,Saccharolobus,sp001719125
SAMN09629083,Saccharolobus sp001719125,Saccharolobus,sp001719125
SAMN09629084,Saccharolobus sp001719125,Saccharolobus,sp001719125
SAMN09629085,Saccharolobus sp001719125,Saccharolobus,sp001719125
SAMN09629086,Saccharolobus sp001719125,Saccharolobus,sp001719125
SAMN09629087,Saccharolobus sp001719125,Saccharolobus,sp001719125
SAMN09629088,Saccharolobus sp001719125,Saccharolobus,sp001719125
SAMN09629089,Saccharolobus sp001719125,Saccharolobus,sp001719125
SAMN09933021,Sulfuracidifex metallicus,Sulfuracidifex,metallicus
SAMN09933090,Acidianus infernus,Acidianus,infernus
SAMN09933091,Stygiolobus azoricus,Stygiolobus,azoricus
SAMN09933092,Sulfurisphaera ohwakuensis,Sulfurisphaera,ohwakuensis
SAMN10039696,Halococcus salsus,Halococcus,salsus
SAMN10363317,Methanobrevibacter_A gottschalkii,Methanobrevibacter_A,gottschalkii
SAMN11125589,Methanofollis formosanus,Methanofollis,formosanus
SAMN11312109,Nitrosocosmicus franklandus,Nitrosocosmicus,franklandus
SAMN11656390,Haloferax volcanii,Haloferax,volcanii
SAMN12106768,Methanoculleus sp023393455,Methanoculleus,sp023393455
SAMN12512004,Methanocalculus taiwanensis,Methanocalculus,taiwanensis
SAMN12512307,Methanosarcina sp024372725,Methanosarcina,sp024372725
SAMN13103967,Acidianus ambivalens,Acidianus,ambivalens
SAMN13191865,Halorubrum distributum,Halorubrum,distributum
SAMN13191880,Halorubrum distributum,Halorubrum,distributum
SAMN13762968,Methanosarcina acetivorans,Methanosarcina,acetivorans
SAMN13763623,Methanosarcina acetivorans,Methanosarcina,acetivorans
SAMN13763691,Methanosarcina acetivorans,Methanosarcina,acetivorans
SAMN13763783,Methanosarcina acetivorans,Methanosarcina,acetivorans
SAMN13763796,Methanosarcina acetivorans,Methanosarcina,acetivorans
SAMN13763807,Methanosarcina acetivorans,Methanosarcina,acetivorans
SAMN13763812,Methanosarcina acetivorans,Methanosarcina,acetivorans
SAMN13763813,Methanosarcina acetivorans,Methanosarcina,acetivorans
SAMN13876162,Natronococcus jeotgali,Natronococcus,jeotgali
SAMN14774958,Haloferax volcanii,Haloferax,volcanii
SAMN14774959,Haloferax volcanii,Haloferax,volcanii
SAMN14774960,Haloferax volcanii,Haloferax,volcanii
SAMN14774961,Haloferax volcanii,Haloferax,volcanii
SAMN14774962,Haloferax volcanii,Haloferax,volcanii
SAMN14840164,Natronomonas pharaonis,Natronomonas,pharaonis
SAMN14840165,Natronomonas pharaonis,Natronomonas,pharaonis
SAMN14851478,Methanoculleus sp002839575,Methanoculleus,sp002839575
SAMN14908254,Methanococcus maripaludis,Methanococcus,maripaludis
SAMN14908255,Methanococcus maripaludis,Methanococcus,maripaludis
SAMN14908265,Methanococcus maripaludis,Methanococcus,maripaludis
SAMN14908266,Methanococcus maripaludis,Methanococcus,maripaludis
SAMN14908267,Methanococcus maripaludis,Methanococcus,maripaludis
SAMN14908268,Methanococcus maripaludis,Methanococcus,maripaludis
SAMN14908281,Methanococcus maripaludis,Methanococcus,maripaludis
SAMN14908282,Methanococcus maripaludis,Methanococcus,maripaludis
SAMN14908290,Methanococcus maripaludis,Methanococcus,maripaludis
SAMN14908291,Methanococcus maripaludis,Methanococcus,maripaludis
SAMN14908326,Methanococcus maripaludis,Methanococcus,maripaludis
SAMN14908334,Methanococcus maripaludis_A,Methanococcus,maripaludis_A
SAMN14908392,Halobacterium salinarum,Halobacterium,salinarum
SAMN14908460,Methanothermobacter wolfei,Methanothermobacter,wolfei
SAMN14908530,Sulfurisphaera ohwakuensis,Sulfurisphaera,ohwakuensis
SAMN15071927,Haloferax volcanii,Haloferax,volcanii
SAMN15071928,Haloferax volcanii,Haloferax,volcanii
SAMN15071929,Haloferax volcanii,Haloferax,volcanii
SAMN15071930,Haloferax volcanii,Haloferax,volcanii
SAMN15071931,Haloferax volcanii,Haloferax,volcanii
SAMN15071938,Haloferax volcanii,Haloferax,volcanii
SAMN15071943,Haloferax volcanii,Haloferax,volcanii
SAMN15071947,Haloferax volcanii,Haloferax,volcanii
SAMN15071948,Haloferax volcanii,Haloferax,volcanii
SAMN15071949,Haloferax volcanii,Haloferax,volcanii
SAMN15071950,Haloferax volcanii,Haloferax,volcanii
SAMN15071951,Haloferax volcanii,Haloferax,volcanii
SAMN15071952,Haloferax volcanii,Haloferax,volcanii
SAMN15071953,Haloferax volcanii,Haloferax,volcanii
SAMN15071954,Haloferax volcanii,Haloferax,volcanii
SAMN15071955,Haloferax volcanii,Haloferax,volcanii
SAMN15071956,Haloferax volcanii,Haloferax,volcanii
SAMN15071957,Haloferax volcanii,Haloferax,volcanii
SAMN15071958,Haloferax volcanii,Haloferax,volcanii
SAMN15071959,Haloferax volcanii,Haloferax,volcanii
SAMN15071960,Haloferax volcanii,Haloferax,volcanii
SAMN15071961,Haloferax volcanii,Haloferax,volcanii
SAMN15071962,Haloferax volcanii,Haloferax,volcanii
SAMN15071963,Haloferax volcanii,Haloferax,volcanii
SAMN15071964,Haloferax volcanii,Haloferax,volcanii
SAMN15071965,Haloferax volcanii,Haloferax,volcanii
SAMN15071967,Haloferax volcanii,Haloferax,volcanii
SAMN15071968,Haloferax volcanii,Haloferax,volcanii
SAMN15071969,Haloferax volcanii,Haloferax,volcanii
SAMN15071970,Haloferax volcanii,Haloferax,volcanii
SAMN15071971,Haloferax volcanii,Haloferax,volcanii
SAMN15071972,Haloferax volcanii,Haloferax,volcanii
SAMN15071973,Haloferax volcanii,Haloferax,volcanii
SAMN15071974,Haloferax volcanii,Haloferax,volcanii
SAMN15071975,Haloferax volcanii,Haloferax,volcanii
SAMN15071976,Haloferax volcanii,Haloferax,volcanii
SAMN15071977,Haloferax volcanii,Haloferax,volcanii
SAMN15314894,Methanococcus maripaludis,Methanococcus,maripaludis
SAMN15314895,Methanococcus maripaludis,Methanococcus,maripaludis
SAMN15808703,Haloferax gibbonsii,Haloferax,gibbonsii
SAMN16844319,Thermococcus eurythermalis,Thermococcus,eurythermalis
SAMN16844320,Thermococcus eurythermalis,Thermococcus,eurythermalis
SAMN16844321,Thermococcus eurythermalis,Thermococcus,eurythermalis
SAMN16844322,Thermococcus eurythermalis,Thermococcus,eurythermalis
SAMN16844323,Thermococcus eurythermalis,Thermococcus,eurythermalis
SAMN16844324,Thermococcus eurythermalis,Thermococcus,eurythermalis
SAMN16844325,Thermococcus eurythermalis,Thermococcus,eurythermalis
SAMN16844326,Thermococcus eurythermalis,Thermococcus,eurythermalis
SAMN16974885,Haloferax volcanii,Haloferax,volcanii
SAMN16974886,Haloferax volcanii,Haloferax,volcanii
SAMN16974887,Haloferax volcanii,Haloferax,volcanii
SAMN16974888,Haloferax volcanii,Haloferax,volcanii
SAMN17113337,Methanosarcina acetivorans,Methanosarcina,acetivorans
SAMN17113338,Methanosarcina acetivorans,Methanosarcina,acetivorans
SAMN17620118,Methanococcus maripaludis,Methanococcus,maripaludis
SAMN18244794,Thermococcus stetteri,Thermococcus,stetteri
SAMN18245708,Methanolinea_B mesophila,Methanolinea_B,mesophila
SAMN18245801,Halorubrum alkaliphilum,Halorubrum,alkaliphilum
SAMN18245806,Halorubrum trapanicum,Halorubrum,trapanicum
SAMN18247048,Methanolobus bombayensis,Methanolobus,bombayensis
SAMN18247784,Methanococcus maripaludis,Methanococcus,maripaludis
SAMN18250245,Methanococcoides sp021108185,Methanococcoides,sp021108185
SAMN18250255,Methanobacterium petrolearium,Methanobacterium,petrolearium
SAMN18317263,Methanococcus maripaludis,Methanococcus,maripaludis
SAMN18317264,Methanococcus maripaludis,Methanococcus,maripaludis
SAMN18317265,Methanococcus maripaludis,Methanococcus,maripaludis
SAMN18317266,Methanococcus maripaludis,Methanococcus,maripaludis
SAMN18317267,Methanococcus maripaludis,Methanococcus,maripaludis
SAMN18317268,Methanococcus maripaludis,Methanococcus,maripaludis
SAMN18317269,Methanococcus maripaludis,Methanococcus,maripaludis
SAMN18317270,Methanococcus maripaludis,Methanococcus,maripaludis
SAMN18317271,Methanococcus maripaludis,Methanococcus,maripaludis
SAMN18317272,Methanococcus maripaludis,Methanococcus,maripaludis
SAMN18317273,Methanococcus maripaludis,Methanococcus,maripaludis
SAMN18317274,Methanococcus maripaludis,Methanococcus,maripaludis
SAMN18317275,Methanococcus maripaludis,Methanococcus,maripaludis
SAMN18317276,Methanococcus maripaludis,Methanococcus,maripaludis
SAMN18317277,Methanococcus maripaludis,Methanococcus,maripaludis
SAMN18317278,Methanococcus maripaludis,Methanococcus,maripaludis
SAMN18317279,Methanococcus maripaludis,Methanococcus,maripaludis
SAMN18317280,Methanococcus maripaludis,Methanococcus,maripaludis
SAMN18317281,Methanococcus maripaludis,Methanococcus,maripaludis
SAMN18317282,Methanococcus maripaludis,Methanococcus,maripaludis
SAMN18471245,Saccharolobus islandicus,Saccharolobus,islandicus
SAMN18471246,Saccharolobus islandicus,Saccharolobus,islandicus
SAMN18471247,Saccharolobus islandicus,Saccharolobus,islandicus
SAMN18471248,Saccharolobus islandicus,Saccharolobus,islandicus
SAMN18471249,Saccharolobus islandicus,Saccharolobus,islandicus
SAMN18471250,Saccharolobus islandicus,Saccharolobus,islandicus
SAMN18471251,Saccharolobus islandicus,Saccharolobus,islandicus
SAMN18471252,Saccharolobus islandicus,Saccharolobus,islandicus
SAMN18713406,Nitrososphaera gargensis,Nitrososphaera,gargensis
SAMN18713783,Nitrososphaera gargensis,Nitrososphaera,gargensis
SAMN18713795,Nitrososphaera gargensis,Nitrososphaera,gargensis
SAMN19775401,Methanospirillum sp012729995,Methanospirillum,sp012729995
SAMN20829081,Methanobrevibacter_A smithii_A,Methanobrevibacter_A,smithii_A
SAMN23070839,Halobacterium sp021028995,Halobacterium,sp021028995
SAMN25226537,Methanosarcina acetivorans,Methanosarcina,acetivorans
SAMN25301095,Methanothermobacter sp022014235,Methanothermobacter,sp022014235
SAMN25938066,Haloferax volcanii,Haloferax,volcanii
SAMN25938067,Haloferax volcanii,Haloferax,volcanii
SAMN26538394,Saccharolobus islandicus,Saccharolobus,islandicus
SAMN26538405,Sulfurisphaera tokodaii,Sulfurisphaera,tokodaii
SAMN26538406,Sulfurisphaera tokodaii,Sulfurisphaera,tokodaii
SAMN26538409,Sulfuracidifex tepidarius,Sulfuracidifex,tepidarius
SAMN26538410,Sulfuracidifex tepidarius,Sulfuracidifex,tepidarius
SAMN26538411,Sulfuracidifex tepidarius,Sulfuracidifex,tepidarius
SAMN26538412,Sulfuracidifex tepidarius,Sulfuracidifex,tepidarius
SAMN27257334,Halococcus morrhuae,Halococcus,morrhuae
SAMN30594391,Thermococcus_B barophilus,Thermococcus_B,barophilus
SAMN30594392,Thermococcus_B barophilus,Thermococcus_B,barophilus
SAMN31139133,Pyrobaculum ferrireducens,Pyrobaculum,ferrireducens
SAMN31950710,Saccharolobus islandicus,Saccharolobus,islandicus
SAMN31950711,Saccharolobus islandicus,Saccharolobus,islandicus
SAMN31950712,Saccharolobus islandicus,Saccharolobus,islandicus
SAMN31950713,Saccharolobus islandicus,Saccharolobus,islandicus
SAMN31950714,Saccharolobus islandicus,Saccharolobus,islandicus
SAMN31950715,Saccharolobus islandicus,Saccharolobus,islandicus
SAMN31950716,Saccharolobus islandicus,Saccharolobus,islandicus
SAMN31950717,Saccharolobus islandicus,Saccharolobus,islandicus
SAMN31950718,Saccharolobus islandicus,Saccharolobus,islandicus
SAMN31950719,Saccharolobus islandicus,Saccharolobus,islandicus
SAMN31950720,Saccharolobus islandicus,Saccharolobus,islandicus
SAMN31950721,Saccharolobus islandicus,Saccharolobus,islandicus
SAMN31950722,Saccharolobus islandicus,Saccharolobus,islandicus
SAMN31950723,Saccharolobus islandicus,Saccharolobus,islandicus
SAMN31950724,Saccharolobus islandicus,Saccharolobus,islandicus
SAMN31950725,Saccharolobus islandicus,Saccharolobus,islandicus
SAMN31950726,Saccharolobus islandicus,Saccharolobus,islandicus
SAMN31950727,Saccharolobus islandicus,Saccharolobus,islandicus
SAMN31950728,Saccharolobus islandicus,Saccharolobus,islandicus
SAMN31950729,Saccharolobus islandicus,Saccharolobus,islandicus
SAMN31950730,Saccharolobus islandicus,Saccharolobus,islandicus
SAMN31950733,Saccharolobus islandicus,Saccharolobus,islandicus
SAMN31950734,Saccharolobus islandicus,Saccharolobus,islandicus
SAMN31950735,Saccharolobus islandicus,Saccharolobus,islandicus
SAMN31950736,Saccharolobus islandicus,Saccharolobus,islandicus
SAMN31950737,Saccharolobus islandicus,Saccharolobus,islandicus
SAMN31950738,Saccharolobus islandicus,Saccharolobus,islandicus
SAMN31950739,Saccharolobus islandicus,Saccharolobus,islandicus
SAMN32126715,Methanobacterium_D veterum,Methanobacterium_D,veterum
SAMN32126716,Methanobacterium_D veterum,Methanobacterium_D,veterum
SAMN32719023,Methanosarcina acetivorans,Methanosarcina,acetivorans
SAMN32719024,Methanosarcina acetivorans,Methanosarcina,acetivorans
SAMN32754979,Methanosarcina acetivorans,Methanosarcina,acetivorans
SAMN32754983,Methanosarcina acetivorans,Methanosarcina,acetivorans
SAMN32970149,Methanosarcina mazei,Methanosarcina,mazei
SAMN32970218,Methanosarcina mazei,Methanosarcina,mazei
SAMN33622193,Methanosarcina acetivorans,Methanosarcina,acetivorans
SAMN33844742,Haloarcula hispanica,Haloarcula,hispanica
SAMN33844743,Haloarcula hispanica,Haloarcula,hispanica
SAMN33844744,Haloarcula hispanica,Haloarcula,hispanica
SAMN33844745,Haloarcula hispanica,Haloarcula,hispanica
SAMN34136423,Methanosarcina acetivorans,Methanosarcina,acetivorans
SAMN35711525,Saccharolobus islandicus,Saccharolobus,islandicus
SAMN35711526,Saccharolobus islandicus,Saccharolobus,islandicus
SAMN35711527,Saccharolobus islandicus,Saccharolobus,islandicus
SAMN36001617,Methanosarcina acetivorans,Methanosarcina,acetivorans
SAMN36911206,Haloferax volcanii,Haloferax,volcanii
SAMN37015851,Thermococcus zilligii,Thermococcus,zilligii
SAMN37801031,Aeropyrum pernix,Aeropyrum,pernix
SAMN37801032,Aeropyrum pernix,Aeropyrum,pernix
SAMN38138900,Methanospirillum sp012729995,Methanospirillum,sp012729995
SAMN38583251,Thermococcus_B barophilus,Thermococcus_B,barophilus
SAMN38583252,Thermococcus_B barophilus,Thermococcus_B,barophilus
SAMN38583253,Thermococcus_B barophilus,Thermococcus_B,barophilus
SAMN38583254,Thermococcus_B barophilus,Thermococcus_B,barophilus
SAMN38583255,Thermococcus_B barophilus,Thermococcus_B,barophilus
SAMN38583256,Thermococcus_B barophilus,Thermococcus_B,barophilus
SAMN38583257,Thermococcus_B barophilus,Thermococcus_B,barophilus
SAMN38583258,Thermococcus_B barophilus,Thermococcus_B,barophilus
SAMN38583259,Thermococcus_B barophilus,Thermococcus_B,barophilus
SAMN38583260,Thermococcus_B barophilus,Thermococcus_B,barophilus
SAMN38583261,Thermococcus_B barophilus,Thermococcus_B,barophilus
SAMN38583262,Thermococcus_B barophilus,Thermococcus_B,barophilus
SAMN38583263,Thermococcus_B barophilus,Thermococcus_B,barophilus
SAMN38583264,Thermococcus_B barophilus,Thermococcus_B,barophilus
SAMN38583265,Thermococcus_B barophilus,Thermococcus_B,barophilus
SAMN38583266,Thermococcus_B barophilus,Thermococcus_B,barophilus
SAMN38583267,Thermococcus_B barophilus,Thermococcus_B,barophilus
SAMN38583268,Thermococcus_B barophilus,Thermococcus_B,barophilus
SAMN38583269,Thermococcus_B barophilus,Thermococcus_B,barophilus
SAMN38583270,Thermococcus_B barophilus,Thermococcus_B,barophilus
SAMN38583271,Thermococcus_B barophilus,Thermococcus_B,barophilus
SAMN38583272,Thermococcus_B barophilus,Thermococcus_B,barophilus
SAMN38583273,Thermococcus_B barophilus,Thermococcus_B,barophilus
SAMN38583274,Thermococcus_B barophilus,Thermococcus_B,barophilus
SAMN38583275,Thermococcus_B barophilus,Thermococcus_B,barophilus
SAMN38583276,Thermococcus_B barophilus,Thermococcus_B,barophilus
SAMN38583277,Thermococcus_B barophilus,Thermococcus_B,barophilus
SAMN38583278,Thermococcus_B barophilus,Thermococcus_B,barophilus
SAMN38583279,Thermococcus_B barophilus,Thermococcus_B,barophilus
SAMN38583280,Thermococcus_B barophilus,Thermococcus_B,barophilus
SAMN38583281,Thermococcus_B barophilus,Thermococcus_B,barophilus
SAMN38583282,Thermococcus_B barophilus,Thermococcus_B,barophilus
SAMN38583283,Thermococcus_B barophilus,Thermococcus_B,barophilus
SAMN38583284,Thermococcus_B barophilus,Thermococcus_B,barophilus
SAMN38583285,Thermococcus_B barophilus,Thermococcus_B,barophilus
SAMN38583286,Thermococcus_B barophilus,Thermococcus_B,barophilus
SAMN38583287,Thermococcus_B barophilus,Thermococcus_B,barophilus
SAMN38583288,Thermococcus_B barophilus,Thermococcus_B,barophilus
SAMN38583289,Thermococcus_B barophilus,Thermococcus_B,barophilus
SAMN38583290,Thermococcus_B barophilus,Thermococcus_B,barophilus
SAMN38583291,Thermococcus_B barophilus,Thermococcus_B,barophilus
SAMN38583294,Thermococcus_B barophilus,Thermococcus_B,barophilus
SAMN38583295,Thermococcus_B barophilus,Thermococcus_B,barophilus
SAMN38583296,Thermococcus_B barophilus,Thermococcus_B,barophilus
SAMN38583297,Thermococcus_B barophilus,Thermococcus_B,barophilus
SAMN38583299,Thermococcus_B barophilus,Thermococcus_B,barophilus
SAMN38583300,Thermococcus_B barophilus,Thermococcus_B,barophilus
SAMN38583301,Thermococcus_B barophilus,Thermococcus_B,barophilus
SAMN38583302,Thermococcus_B barophilus,Thermococcus_B,barophilus
SAMN38583303,Thermococcus_B barophilus,Thermococcus_B,barophilus
SAMN38583304,Thermococcus_B barophilus,Thermococcus_B,barophilus
SAMN38583306,Thermococcus_B barophilus,Thermococcus_B,barophilus
SAMN38583307,Thermococcus_B barophilus,Thermococcus_B,barophilus
SAMN38583308,Thermococcus_B barophilus,Thermococcus_B,barophilus
SAMN38583309,Thermococcus_B barophilus,Thermococcus_B,barophilus
SAMN38583310,Thermococcus_B barophilus,Thermococcus_B,barophilus
SAMN38583311,Thermococcus_B barophilus,Thermococcus_B,barophilus
SAMN38583313,Thermococcus_B barophilus,Thermococcus_B,barophilus
SAMN38583314,Thermococcus_B barophilus,Thermococcus_B,barophilus
SAMN38583315,Thermococcus_B barophilus,Thermococcus_B,barophilus
SAMN38583316,Thermococcus_B barophilus,Thermococcus_B,barophilus
SAMN38583317,Thermococcus_B barophilus,Thermococcus_B,barophilus
SAMN38583318,Thermococcus kodakarensis,Thermococcus,kodakarensis
SAMN38583319,Thermococcus kodakarensis,Thermococcus,kodakarensis
SAMN38583320,Pyrococcus furiosus,Pyrococcus,furiosus
SAMN38583321,Pyrococcus furiosus,Pyrococcus,furiosus
SAMN38583323,Thermococcus_B barophilus,Thermococcus_B,barophilus
SAMN38583324,Thermococcus_B barophilus,Thermococcus_B,barophilus
SAMN38583325,Thermococcus_B barophilus,Thermococcus_B,barophilus
SAMN38583326,Thermococcus_B barophilus,Thermococcus_B,barophilus
SAMN38583327,Thermococcus_B barophilus,Thermococcus_B,barophilus
SAMN38759361,Methanobrevibacter_A smithii,Methanobrevibacter_A,smithii
SAMN40240783,Halobacterium salinarum,Halobacterium,salinarum
SAMN40460627,Halobacterium salinarum,Halobacterium,salinarum
SAMN40528436,Methanocalculus sp003838185,Methanocalculus,sp003838185
